{
  "order_id": "21180291840",
  "restricted_item_types": [
    "New Alcohol Parent"
  ],
  "volume": 214.35718700792384,
  "weight": 83.8713488199666,
  "sub_total_amount": 157.19,
  "line_item_count": 57,
  "total_quantity": 85
}